{
  "app": {
    "title": "Ordering",
    "description": "a dummy description about this page",
    "keywords": "test, dummy, data",
    "robots": "",
    "canonicalUrl": "http://localhost:8300/"
  },
  "orders": {
    "title": "Orders Manager",
    "description": "a dummy description about this page",
    "keywords": "test, dummy, data",
    "robots": "",
    "canonicalUrl": ""
  },
  "deliveries": {
    "title": "Delivery Dashboard",
    "description": "a dummy description about this page",
    "keywords": "test, dummy, data",
    "robots": "",
    "canonicalUrl": ""
  },
  "login": {
    "title": "Login",
    "description": "a dummy description about this page",
    "keywords": "test, dummy, data",
    "robots": "",
    "canonicalUrl": ""
  },
  "forgotpassword": {
    "title": "Forgot Password",
    "description": "a dummy description about this page",
    "keywords": "test, dummy, data",
    "robots": "index, follow",
    "canonicalUrl": ""
  },
  "businesses": {
    "title": "Businesses",
    "description": "a dummy description about this page",
    "keywords": "test, dummy, data",
    "robots": "index, follow",
    "canonicalUrl": ""
  },
  "basicSettings": {
    "title": "Basic settings",
    "description": "a dummy description about this page",
    "keywords": "test, dummy, data",
    "robots": "index, follow",
    "canonicalUrl": ""
  },
  "operationSettings": {
    "title": "Operation settings",
    "description": "a dummy description about this page",
    "keywords": "test, dummy, data",
    "robots": "index, follow",
    "canonicalUrl": ""
  },
  "store": {
    "title": "Store",
    "description": "a dummy description about this page",
    "keywords": "test, dummy, data",
    "robots": "index, follow",
    "canonicalUrl": ""
  },
  "business_analytics": {
    "title": "Business Analytics",
    "description": "a dummy description about this page",
    "keywords": "test, dummy, data",
    "robots": "index, follow",
    "canonicalUrl": ""
  },
  "drivers_analytics": {
    "title": "Drivers Analytics",
    "description": "a dummy description about this page",
    "keywords": "test, dummy, data",
    "robots": "index, follow",
    "canonicalUrl": ""
  }
}
